State,District,No of wells monitored,Minimum,Maximum,0 to 2,in %,2 to 5,in %.1,5 to 10,in %.2,10 to 20,in %.3,20 to 40,in %.4,> 40,in %.5
Andaman and Nicobar,NORTH_MIDDLE_ANDAMAN,33,0.04,4.56,29,88%,4,12%,0,0%,0,0%,0,0%,0,0%
Andaman and Nicobar,SOUTH ANDAMAN,73,0.07,10,51,70%,15,21%,7,10%,0,0%,0,0%,0,0%
Andhra Pradesh,ANANTAPUR,41,0.85,53.78,2,5%,7,17%,12,29%,16,39%,3,7%,1,2%
Andhra Pradesh,CHITTOOR,45,2.05,18.7,0,0%,8,18%,18,40%,19,42%,0,0%,0,0%
Andhra Pradesh,CUDDAPAH,31,2.55,60,0,0%,2,6%,13,42%,12,39%,1,3%,3,10%
Andhra Pradesh,EAST GODAVARI,87,0.45,11.4,14,16%,44,51%,26,30%,3,3%,0,0%,0,0%
Andhra Pradesh,GUNTUR,92,0.31,39.5,10,11%,42,46%,28,30%,11,12%,1,1%,0,0%
Andhra Pradesh,KRISHNA,67,0.94,23.8,8,12%,33,49%,18,27%,7,10%,1,1%,0,0%
Andhra Pradesh,KURNOOL,43,0.55,35.93,3,7%,7,16%,22,51%,10,23%,1,2%,0,0%
Andhra Pradesh,NELLORE,57,0.64,17,2,4%,16,28%,27,47%,12,21%,0,0%,0,0%
Andhra Pradesh,PRAKASAM,58,1.29,48.36,1,2%,18,31%,22,38%,14,24%,2,3%,1,2%
Andhra Pradesh,SRIKAKULAM,43,1.7,9.8,5,12%,26,60%,12,28%,0,0%,0,0%,0,0%
Andhra Pradesh,VISAKHAPATNAM,60,0.8,30.1,2,3%,23,38%,27,45%,7,12%,1,2%,0,0%
Andhra Pradesh,VIZIANAGARAM,47,2.11,12.15,0,0%,13,28%,31,66%,3,6%,0,0%,0,0%
Andhra Pradesh,WEST GODAVARI,50,1.05,17.5,7,14%,27,54%,12,24%,4,8%,0,0%,0,0%
Arunachal Pradesh,East Siang,6,8,1.37,3,50%,0,0%,3,50%,0,0%,0,0%,0,0%
Arunachal Pradesh,Lohit,1,4.82,4.82,0,0%,1,100%,0,0%,0,0%,0,0%,0,0%
Arunachal Pradesh,Lower Subansiri,2,2.25,1.23,1,50%,1,50%,0,0%,0,0%,0,0%,0,0%
Arunachal Pradesh,Papumpare,9,12.69,-0.21,6,67%,1,11%,1,11%,1,11%,0,0%,0,0%
Assam,Baksa,1,3.6,3.6,0,0%,1,100%,0,0%,0,0%,0,0%,0,0%
Assam,Barpeta,5,1.78,4.12,1,20%,4,80%,0,0%,0,0%,0,0%,0,0%
Assam,Biswanath,11,1.15,9.34,2,18%,5,45%,4,36%,0,0%,0,0%,0,0%
Assam,Bongaigaon,9,1.66,5.1,1,11%,7,78%,1,11%,0,0%,0,0%,0,0%
Assam,Cachar,20,0.27,7.02,8,40%,9,45%,3,15%,0,0%,0,0%,0,0%
Assam,Chirang,1,3,3,0,0%,1,100%,0,0%,0,0%,0,0%,0,0%
Assam,Darrang,2,2.81,3.87,0,0%,2,100%,0,0%,0,0%,0,0%,0,0%
Assam,Dhemaji,11,0.92,9.69,2,18%,7,64%,2,18%,0,0%,0,0%,0,0%
Assam,Dhubri,9,3.3,17.39,0,0%,5,56%,1,11%,3,33%,0,0%,0,0%
Assam,Dibrugarh,5,3.84,5.42,0,0%,4,80%,1,20%,0,0%,0,0%,0,0%
Assam,Goalpara,13,3.86,5.51,0,0%,8,62%,5,38%,0,0%,0,0%,0,0%
Assam,Golaghat,3,0.92,8.93,0,0%,2,67%,1,33%,0,0%,0,0%,0,0%
Assam,Hailakandi,7,0.3,2.26,3,43%,3,43%,1,14%,0,0%,0,0%,0,0%
Assam,Jorhat,5,1.9,5.32,3,60%,2,40%,0,0%,0,0%,0,0%,0,0%
Assam,Kamrup,12,2.42,4.2,2,17%,6,50%,4,33%,0,0%,0,0%,0,0%
Assam,Kamrup Metro,7,1.1,14.7,0,0%,7,100%,0,0%,0,0%,0,0%,0,0%
Assam,Karbi Anglong,22,0.29,2.65,2,9%,12,55%,4,18%,4,18%,0,0%,0,0%
Assam,Karimganj,9,3.8,5.25,7,78%,2,22%,0,0%,0,0%,0,0%,0,0%
Assam,Kokrajhar,2,0.66,5.71,0,0%,1,50%,1,50%,0,0%,0,0%,0,0%
Assam,Lakhimpur,19,3,7.1,5,26%,13,68%,1,5%,0,0%,0,0%,0,0%
Assam,Morigaon,11,2.43,11.23,0,0%,8,73%,3,27%,0,0%,0,0%,0,0%
Assam,Nagaon,20,1.52,4.83,0,0%,10,50%,9,45%,1,5%,0,0%,0,0%
Assam,Nalbari,3,0.6,7.8,1,33%,2,67%,0,0%,0,0%,0,0%,0,0%
Assam,Sibsagar,4,1.94,7.19,2,50%,1,25%,1,25%,0,0%,0,0%,0,0%
Assam,Sonitpur,12,0.41,5.93,1,8%,9,75%,2,17%,0,0%,0,0%,0,0%
Assam,Tinsukia,8,0.14,4.9,1,13%,5,63%,2,25%,0,0%,0,0%,0,0%
Assam,Udalguri,6,0.14,17.39,1,17%,5,83%,0,0%,0,0%,0,0%,0,0%
Bihar,ARARIA,8,2.26,4.62,0,0%,8,100%,0,0%,0,0%,0,0%,0,0%
Bihar,AURANGABAD,10,3.58,11,0,0%,1,10%,8,80%,1,10%,0,0%,0,0%
Bihar,BANKA,15,3.42,11.18,0,0%,4,27%,9,60%,2,13%,0,0%,0,0%
Bihar,BEGUSARAI,24,2.1,12,0,0%,1,4%,22,92%,1,4%,0,0%,0,0%
Bihar,BHAGALPUR,14,2.86,14.56,0,0%,3,21%,8,57%,3,21%,0,0%,0,0%
Bihar,BHOJPUR,36,3.37,10.88,0,0%,3,8%,31,86%,2,6%,0,0%,0,0%
Bihar,BUXAR,24,2,16.11,1,4%,3,13%,15,63%,5,21%,0,0%,0,0%
Bihar,DARBHANGA,8,2.47,7.04,0,0%,3,38%,5,63%,0,0%,0,0%,0,0%
Bihar,GAYA,14,4.3,8.54,0,0%,2,14%,12,86%,0,0%,0,0%,0,0%
Bihar,GOPALGANJ,18,3.06,15,0,0%,8,44%,9,50%,1,6%,0,0%,0,0%
Bihar,JAMUI,15,3.96,15.07,0,0%,2,13%,7,47%,6,40%,0,0%,0,0%
Bihar,JEHANABAD,9,3.46,10.4,0,0%,4,44%,4,44%,1,11%,0,0%,0,0%
Bihar,KAIMUR,10,5.3,13.55,0,0%,0,0%,6,60%,4,40%,0,0%,0,0%
Bihar,KATIHAR,15,2.3,5.78,0,0%,14,93%,1,7%,0,0%,0,0%,0,0%
Bihar,KHAGARIA,15,2.65,8.02,0,0%,2,13%,13,87%,0,0%,0,0%,0,0%
Bihar,KISHANGANJ,8,1.65,9.19,2,25%,5,63%,1,13%,0,0%,0,0%,0,0%
Bihar,LAKHISARAI,8,1.26,10.38,1,13%,1,13%,5,63%,1,13%,0,0%,0,0%
Bihar,MADHEPURA,17,2.96,6.12,0,0%,13,76%,4,24%,0,0%,0,0%,0,0%
Bihar,MADHUBANI,24,1.53,8.27,2,8%,16,67%,6,25%,0,0%,0,0%,0,0%
Bihar,MUNGER,10,4.6,11.74,0,0%,2,20%,7,70%,1,10%,0,0%,0,0%
Bihar,MUZAFFARPUR,24,3.15,9,0,0%,3,13%,21,88%,0,0%,0,0%,0,0%
Bihar,NALANDA,33,2.47,12.75,0,0%,11,33%,19,58%,3,9%,0,0%,0,0%
Bihar,NAWADA,15,2.18,11,0,0%,3,20%,11,73%,1,7%,0,0%,0,0%
Bihar,PASHCHIM CHAMPARAN,14,2.25,7.94,0,0%,11,79%,3,21%,0,0%,0,0%,0,0%
Bihar,PATNA,30,1.8,11.47,1,3%,9,30%,16,53%,4,13%,0,0%,0,0%
Bihar,PURBA CHAMPARAN,29,0.74,8.92,1,3%,15,52%,13,45%,0,0%,0,0%,0,0%
Bihar,PURNIA,19,2.24,5.58,0,0%,16,84%,3,16%,0,0%,0,0%,0,0%
Bihar,ROHTAS,16,4.68,14.2,0,0%,1,6%,9,56%,6,38%,0,0%,0,0%
Bihar,SAHARSA,17,2.49,9,0,0%,15,88%,2,12%,0,0%,0,0%,0,0%
Bihar,SAMASTIPUR,20,4.96,11.1,0,0%,1,5%,17,85%,2,10%,0,0%,0,0%
Bihar,SARAN,23,2.3,11.91,0,0%,2,9%,18,78%,3,13%,0,0%,0,0%
Bihar,SEIKHPURA,7,6.5,10.5,0,0%,0,0%,6,86%,1,14%,0,0%,0,0%
Bihar,SHEOHAR,4,3.26,9,0,0%,1,25%,3,75%,0,0%,0,0%,0,0%
Bihar,SITAMARHI,15,2.37,10,0,0%,11,73%,4,27%,0,0%,0,0%,0,0%
Bihar,SIWAN,15,4.7,9,0,0%,1,7%,14,93%,0,0%,0,0%,0,0%
Bihar,SUPAUL,22,1.85,10,2,9%,19,86%,1,5%,0,0%,0,0%,0,0%
Bihar,VAISHALI,16,4.62,10,0,0%,1,6%,15,94%,0,0%,0,0%,0,0%
Chandigarh,CHANDIGARH,13,3.02,47.64,0,0%,3,23%,1,8%,3,23%,4,31%,2,15%
Chhattisgarh,BASTAR,24,1.95,15.1,1,4%,8,33%,10,42%,5,21%,0,0%,0,0%
Chhattisgarh,BILASPUR,100,2.52,40,0,0%,16,16%,54,54%,26,26%,4,4%,0,0%
Chhattisgarh,DHAMTARI,29,0.92,11.35,1,3%,10,34%,17,59%,1,3%,0,0%,0,0%
Chhattisgarh,DURG,72,1.67,24.3,1,1%,16,22%,39,54%,16,22%,0,0%,0,0%
Chhattisgarh,JANJGIR - CHAMPA,52,1.97,25.36,1,2%,17,33%,20,38%,12,23%,2,4%,0,0%
Chhattisgarh,JASHPUR,37,3.25,13.64,0,0%,5,14%,29,78%,3,8%,0,0%,0,0%
Chhattisgarh,KANKER,6,1.5,9.5,1,17%,1,17%,4,67%,0,0%,0,0%,0,0%
Chhattisgarh,KAWARDHA,13,5,19.64,0,0%,1,8%,11,85%,1,8%,0,0%,0,0%
Chhattisgarh,KORBA,54,3.66,14.46,0,0%,5,9%,40,74%,9,17%,0,0%,0,0%
Chhattisgarh,KORIYA,32,2,15.2,1,3%,3,9%,20,63%,8,25%,0,0%,0,0%
Chhattisgarh,MAHASAMUND,22,1.27,14,0,0%,5,23%,14,64%,3,14%,0,0%,0,0%
Chhattisgarh,RAIGARH,48,0.6,36.7,1,2%,12,25%,27,56%,7,15%,1,2%,0,0%
Chhattisgarh,RAIPUR,55,2.22,18.54,0,0%,17,31%,35,64%,3,5%,0,0%,0,0%
Chhattisgarh,RAJNANDGAON,36,2.63,18.35,0,0%,5,14%,26,72%,5,14%,0,0%,0,0%
Chhattisgarh,SURGUJA,70,3.16,16.46,0,0%,5,7%,55,79%,10,14%,0,0%,0,0%
Dadra And Nagar Haveli,Dadra And Nagar Haveli,18,3.8,19.99,0,0%,3,17%,6,33%,9,50%,0,0%,0,0%
Daman & diu,DAMAN,6,1.83,9.05,1,17%,1,17%,4,67%,0,0%,0,0%,0,0%
Daman & diu,DIU,5,4,7.22,0,0%,2,40%,3,60%,0,0%,0,0%,0,0%
Delhi,EAST,6,4.82,24.6,0,0%,1,17%,1,17%,3,50%,1,17%,0,0%
Delhi,NEW DELHI,7,6.65,25.98,0,0%,0,0%,4,57%,2,29%,1,14%,0,0%
Delhi,NORTH,4,2.14,10.13,0,0%,2,50%,1,25%,1,25%,0,0%,0,0%
Delhi,NORTH WEST,22,1.48,23.25,3,14%,5,23%,7,32%,5,23%,2,9%,0,0%
Delhi,SOUTH,11,6.69,62.64,0,0%,0,0%,3,27%,0,0%,3,27%,5,45%
Delhi,SOUTH WEST,16,1.07,46.85,1,6%,2,13%,0,0%,7,44%,5,31%,1,6%
Delhi,WEST,7,2.78,38.7,0,0%,2,29%,2,29%,2,29%,1,14%,0,0%
Goa,NORTH GOA,34,2,14.95,1,3%,18,53%,11,32%,4,12%,0,0%,0,0%
Goa,SOUTH GOA,30,1.75,14.95,2,7%,10,33%,13,43%,5,17%,0,0%,0,0%
Gujarat,Ahmedabad,21,2.25,27.55,0,0%,8,38%,5,24%,6,29%,2,10%,0,0%
Gujarat,Amreli,42,0.55,50.65,1,2%,3,7%,10,24%,15,36%,11,26%,2,5%
Gujarat,Anand,13,1.65,28.6,1,8%,3,23%,6,46%,1,8%,2,15%,0,0%
Gujarat,Banaskantha,20,2.62,59.91,0,0%,1,5%,3,15%,7,35%,8,40%,1,5%
Gujarat,Bharuch,28,0.95,11.15,1,4%,9,32%,15,54%,3,11%,0,0%,0,0%
Gujarat,Bhavnagar,31,3.65,30.78,0,0%,4,13%,9,29%,12,39%,6,19%,0,0%
Gujarat,Dohad,26,1.8,15.46,1,4%,2,8%,14,54%,9,35%,0,0%,0,0%
Gujarat,Gandhinagar,5,14.33,36.44,0,0%,0,0%,0,0%,3,60%,2,40%,0,0%
Gujarat,Jamnagar,49,3.56,22.12,0,0%,4,8%,17,35%,23,47%,5,10%,0,0%
Gujarat,Junagadh,61,3.4,33.76,0,0%,2,3%,15,25%,34,56%,10,16%,0,0%
Gujarat,Kachchh,32,0.88,39.35,2,6%,2,6%,6,19%,20,63%,2,6%,0,0%
Gujarat,Kheda,14,3.24,26.96,0,0%,4,29%,7,50%,2,14%,1,7%,0,0%
Gujarat,Mahesana,26,2.5,37.3,0,0%,8,31%,6,23%,9,35%,3,12%,0,0%
Gujarat,Narmada,14,2.26,32.01,0,0%,2,14%,8,57%,2,14%,2,14%,0,0%
Gujarat,Navsari,15,3.4,13.4,0,0%,6,40%,5,33%,4,27%,0,0%,0,0%
Gujarat,Panchmahals,34,1.92,32.03,1,3%,3,9%,14,41%,12,35%,4,12%,0,0%
Gujarat,Patan,6,4.64,21.62,0,0%,1,17%,1,17%,2,33%,2,33%,0,0%
Gujarat,Porbandar,30,2.93,34.2,0,0%,6,20%,7,23%,10,33%,7,23%,0,0%
Gujarat,Rajkot,49,3.25,29.5,0,0%,5,10%,24,49%,15,31%,5,10%,0,0%
Gujarat,Sabarkantha,45,4.92,55.2,0,0%,1,2%,11,24%,18,40%,12,27%,3,7%
Gujarat,Surat,31,2.54,18.7,0,0%,10,32%,10,32%,11,35%,0,0%,0,0%
Gujarat,Surendranagar,34,-0.3,29.15,2,6%,13,38%,10,29%,7,21%,2,6%,0,0%
Gujarat,The dangs,21,2.7,13.55,0,0%,6,29%,11,52%,4,19%,0,0%,0,0%
Gujarat,Vadodara,36,3.05,37.9,0,0%,4,11%,17,47%,10,28%,5,14%,0,0%
Gujarat,Valsad,16,3.3,23.2,0,0%,3,19%,8,50%,4,25%,1,6%,0,0%
Haryana,AMBALA,5,2.28,65.34,0,0%,3,60%,1,20%,0,0%,0,0%,1,20%
Haryana,BHIWANI,32,1.15,87.11,2,6%,10,31%,5,16%,9,28%,5,16%,1,3%
Haryana,FARIDABAD,4,6.48,38.71,0,0%,0,0%,1,25%,0,0%,3,75%,0,0%
Haryana,FATEHABAD,7,4.18,50.01,0,0%,2,29%,4,57%,0,0%,0,0%,1,14%
Haryana,GURGAON,10,9.04,60.2,0,0%,0,0%,1,10%,2,20%,5,50%,2,20%
Haryana,HISAR,31,1.89,21.51,1,3%,11,35%,10,32%,8,26%,1,3%,0,0%
Haryana,JHAJJAR,10,1.31,5.1,5,50%,4,40%,1,10%,0,0%,0,0%,0,0%
Haryana,JIND,20,3.4,40.61,0,0%,3,15%,5,25%,6,30%,5,25%,1,5%
Haryana,KAITHAL,16,3.98,43.8,0,0%,1,6%,3,19%,2,13%,8,50%,2,13%
Haryana,KARNAL,19,5.9,34.32,0,0%,0,0%,4,21%,4,21%,11,58%,0,0%
Haryana,KURUKSHETRA,9,22.55,41.83,0,0%,0,0%,0,0%,0,0%,8,89%,1,11%
Haryana,MAHENDRAGARH,2,7.6,14.65,0,0%,0,0%,1,50%,1,50%,0,0%,0,0%
Haryana,MEWAT,7,0.48,7.21,1,14%,5,71%,1,14%,0,0%,0,0%,0,0%
Haryana,PALWAL,14,2.1,22.61,0,0%,3,21%,3,21%,7,50%,1,7%,0,0%
Haryana,PANCHKULA,14,1.26,29.36,1,7%,3,21%,3,21%,6,43%,1,7%,0,0%
Haryana,PANIPAT,13,2.61,33.62,0,0%,2,15%,4,31%,4,31%,3,23%,0,0%
Haryana,REWARI,5,12.44,72.73,0,0%,0,0%,0,0%,3,60%,1,20%,1,20%
Haryana,ROHTAK,5,2.68,13.01,0,0%,3,60%,1,20%,1,20%,0,0%,0,0%
Haryana,SIRSA,28,2.04,48.72,0,0%,2,7%,8,29%,15,54%,1,4%,2,7%
Haryana,SONIPAT,22,2.46,34.35,0,0%,11,50%,5,23%,3,14%,3,14%,0,0%
Haryana,YAMUNANAGAR,15,1.79,34.71,1,7%,1,7%,6,40%,4,27%,3,20%,0,0%
Himachal Pradesh,HAMIRPUR,4,1.96,7.39,1,25%,1,25%,2,50%,0,0%,0,0%,0,0%
Himachal Pradesh,KANGRA,34,0.62,12.48,6,18%,21,62%,4,12%,3,9%,0,0%,0,0%
Himachal Pradesh,KULLU,3,0.85,8.47,1,33%,0,0%,2,67%,0,0%,0,0%,0,0%
Himachal Pradesh,MANDI,8,0.74,8.94,3,38%,3,38%,2,25%,0,0%,0,0%,0,0%
Himachal Pradesh,SIRMAUR,12,2.11,28.52,0,0%,1,8%,2,17%,8,67%,1,8%,0,0%
Himachal Pradesh,SOLAN,10,5.41,24.61,0,0%,0,0%,3,30%,5,50%,2,20%,0,0%
Himachal Pradesh,UNA,30,1.07,28.72,4,13%,13,43%,6,20%,4,13%,3,10%,0,0%
Jammu and Kashmir,JAMMU,94,1.24,38.78,5,5%,48,51%,27,29%,9,10%,5,5%,0,0%
Jammu and Kashmir,KATHUA,45,1.7,28.7,6,13%,17,38%,14,31%,6,13%,2,4%,0,0%
Jammu and Kashmir,RAJAURI,36,0.95,7.4,9,25%,20,56%,7,19%,0,0%,0,0%,0,0%
Jammu and Kashmir,UDHAMPUR,29,0.85,25.54,8,28%,17,59%,3,10%,0,0%,1,3%,0,0%
Jharkhand,BOKARO,13,2.89,12.65,0,0%,3,23%,6,46%,4,31%,0,0%,0,0%
Jharkhand,CHATRA,8,5.1,15.75,0,0%,0,0%,3,38%,5,63%,0,0%,0,0%
Jharkhand,DEOGHAR,8,7.3,11.3,0,0%,0,0%,7,88%,1,13%,0,0%,0,0%
Jharkhand,DHANBAD,10,2.2,14.4,0,0%,4,40%,5,50%,1,10%,0,0%,0,0%
Jharkhand,DUMKA,21,2.95,11,0,0%,2,10%,16,76%,3,14%,0,0%,0,0%
Jharkhand,GARHWA,7,6.9,11.1,0,0%,0,0%,6,86%,1,14%,0,0%,0,0%
Jharkhand,GIRIDIH,17,5.15,13.03,0,0%,0,0%,11,65%,6,35%,0,0%,0,0%
Jharkhand,GODDA,10,4.85,13.24,0,0%,2,20%,7,70%,1,10%,0,0%,0,0%
Jharkhand,GUMLA,20,2.1,10.65,0,0%,4,20%,15,75%,1,5%,0,0%,0,0%
Jharkhand,HAZARIBAG,24,3.57,16.25,0,0%,1,4%,17,71%,6,25%,0,0%,0,0%
Jharkhand,KODARMA,5,5.05,12.5,0,0%,0,0%,3,60%,2,40%,0,0%,0,0%
Jharkhand,LOHARDAGA,11,6.5,12.7,0,0%,0,0%,10,91%,1,9%,0,0%,0,0%
Jharkhand,PAKAUR,8,2.19,13.15,0,0%,4,50%,3,38%,1,13%,0,0%,0,0%
Jharkhand,PALAMU,24,5.85,15,0,0%,0,0%,11,46%,13,54%,0,0%,0,0%
Jharkhand,PASHCHIMI SINGHBHUM,23,-0.5,13.9,2,9%,3,13%,14,61%,4,17%,0,0%,0,0%
Jharkhand,PURBI SINGHBHUM,8,1.8,15.61,1,13%,1,13%,3,38%,3,38%,0,0%,0,0%
Jharkhand,RANCHI,45,1.7,12.8,1,2%,8,18%,31,69%,5,11%,0,0%,0,0%
Jharkhand,SAHIBGANJ,16,1.7,12,1,6%,3,19%,11,69%,1,6%,0,0%,0,0%
Karnataka,Bagalkot,20,3.2,20.5,0,0%,4,20%,9,45%,6,30%,1,5%,0,0%
Karnataka,Bangalore Rural,35,2.95,17.8,0,0%,10,29%,17,49%,8,23%,0,0%,0,0%
Karnataka,Bangalore Urban,22,1.49,10.75,2,9%,13,59%,6,27%,1,5%,0,0%,0,0%
Karnataka,Belgaum,65,1.6,18,2,3%,12,18%,31,48%,20,31%,0,0%,0,0%
Karnataka,Bellary,21,3.3,14.5,0,0%,8,38%,9,43%,4,19%,0,0%,0,0%
Karnataka,Bidar,18,3.65,20.3,0,0%,4,22%,7,39%,6,33%,1,6%,0,0%
Karnataka,Bijapur,49,2.4,17,0,0%,5,10%,33,67%,11,22%,0,0%,0,0%
Karnataka,Chamarajanagar,12,2.85,9.92,0,0%,7,58%,5,42%,0,0%,0,0%,0,0%
Karnataka,Chikmagalur,65,1.64,19.97,2,3%,12,18%,33,51%,18,28%,0,0%,0,0%
Karnataka,Chitradurga,15,3.32,19,0,0%,4,27%,5,33%,6,40%,0,0%,0,0%
Karnataka,Dakshin Kannada,86,2.6,16.7,0,0%,12,14%,47,55%,27,31%,0,0%,0,0%
Karnataka,Davanagere,39,1.6,16.4,5,13%,18,46%,11,28%,5,13%,0,0%,0,0%
Karnataka,Dharwad,21,3,27.3,0,0%,2,10%,13,62%,4,19%,2,10%,0,0%
Karnataka,Gadag,14,1.44,19.5,1,7%,1,7%,9,64%,3,21%,0,0%,0,0%
Karnataka,Gulbarga,53,3.9,17.45,0,0%,10,19%,27,51%,16,30%,0,0%,0,0%
Karnataka,Hassan,61,1.6,18.45,3,5%,13,21%,22,36%,23,38%,0,0%,0,0%
Karnataka,Haveri,15,2,13.8,1,7%,1,7%,8,53%,5,33%,0,0%,0,0%
Karnataka,Kodagu,59,2.24,19.35,0,0%,8,14%,23,39%,28,47%,0,0%,0,0%
Karnataka,Kolar,31,1.4,13.66,2,6%,11,35%,16,52%,2,6%,0,0%,0,0%
Karnataka,Koppal,20,2.8,20.15,0,0%,6,30%,7,35%,6,30%,1,5%,0,0%
Karnataka,Mandya,44,1.2,11.54,6,14%,19,43%,17,39%,2,5%,0,0%,0,0%
Karnataka,Mysore,44,1.15,14.65,2,5%,15,34%,22,50%,5,11%,0,0%,0,0%
Karnataka,Raichur,43,1.92,13.1,2,5%,11,26%,24,56%,6,14%,0,0%,0,0%
Karnataka,Shimoga,71,1.3,18.05,4,6%,11,15%,21,30%,35,49%,0,0%,0,0%
Karnataka,Tumkur,50,2.45,22,0,0%,6,12%,23,46%,20,40%,1,2%,0,0%
Karnataka,Udupi,60,3.4,14.7,0,0%,3,5%,28,47%,29,48%,0,0%,0,0%
Karnataka,Uttara Kannada,69,1.99,17.45,1,1%,9,13%,37,54%,22,32%,0,0%,0,0%
Kerala,ALAPPUZHA,80,0.31,13.1,25,31%,39,49%,8,10%,8,10%,0,0%,0,0%
Kerala,ERNAKULAM,126,0.31,15.55,21,17%,43,34%,54,43%,8,6%,0,0%,0,0%
Kerala,IDUKKI,63,0.78,11.43,6,10%,32,51%,22,35%,3,5%,0,0%,0,0%
Kerala,KANNUR,105,1.85,22.5,1,1%,20,19%,52,50%,30,29%,2,2%,0,0%
Kerala,KASARAGOD,119,2.92,25.75,0,0%,5,4%,33,28%,77,65%,4,3%,0,0%
Kerala,KOLLAM,110,0.82,20.7,7,6%,16,15%,62,56%,24,22%,1,1%,0,0%
Kerala,KOTTAYAM,96,1,13.75,6,6%,35,36%,49,51%,6,6%,0,0%,0,0%
Kerala,KOZHIKODE,93,1.18,14.99,6,6%,34,37%,47,51%,6,6%,0,0%,0,0%
Kerala,MALAPPURAM,124,1.96,38.49,1,1%,28,23%,59,48%,33,27%,3,2%,0,0%
Kerala,PALAKKAD,135,1.58,36.7,1,1%,39,29%,67,50%,20,15%,8,6%,0,0%
Kerala,PATHANAMTHITTA,90,0.9,16.5,4,4%,39,43%,40,44%,7,8%,0,0%,0,0%
Kerala,THIRUVANANTHAPURAM,114,0.84,55.23,4,4%,24,21%,44,39%,34,30%,7,6%,1,1%
Kerala,THRISSUR,115,1.28,14.82,4,3%,37,32%,61,53%,13,11%,0,0%,0,0%
Kerala,WAYANAD,71,1.24,18.29,2,3%,20,28%,35,49%,14,20%,0,0%,0,0%
Madhya Pradesh,AGAR MALWA,14,1.34,17.7,1,7%,1,7%,3,21%,9,64%,0,0%,0,0%
Madhya Pradesh,ALIRAJPUR,13,5.7,11.7,0,0%,0,0%,9,69%,4,31%,0,0%,0,0%
Madhya Pradesh,ANUPPUR,22,3.07,30.39,0,0%,6,27%,10,45%,4,18%,2,9%,0,0%
Madhya Pradesh,ASHOK NAGAR,21,-0.7,19.4,1,5%,5,24%,9,43%,6,29%,0,0%,0,0%
Madhya Pradesh,BALAGHAT,41,2.17,14.6,0,0%,10,24%,27,66%,4,10%,0,0%,0,0%
Madhya Pradesh,BARWANI,9,6.1,14.95,0,0%,0,0%,5,56%,4,44%,0,0%,0,0%
Madhya Pradesh,BETUL,30,-0.8,19.7,1,3%,4,13%,11,37%,14,47%,0,0%,0,0%
Madhya Pradesh,BHIND,19,-0.95,43.76,1,5%,3,16%,6,32%,6,32%,2,11%,1,5%
Madhya Pradesh,BHOPAL,27,-0.35,18.9,3,11%,6,22%,10,37%,8,30%,0,0%,0,0%
Madhya Pradesh,BURHANPUR,15,7.15,32.35,0,0%,0,0%,5,33%,8,53%,2,13%,0,0%
Madhya Pradesh,CHHATARPUR,38,4.05,21.63,0,0%,3,8%,17,45%,17,45%,1,3%,0,0%
Madhya Pradesh,CHHINDWARA,33,1.58,21,1,3%,0,0%,16,48%,13,39%,3,9%,0,0%
Madhya Pradesh,DAMOH,22,2.28,13.83,0,0%,7,32%,12,55%,3,14%,0,0%,0,0%
Madhya Pradesh,DATIA,12,3.75,31.1,0,0%,2,17%,3,25%,6,50%,1,8%,0,0%
Madhya Pradesh,DEWAS,20,2.92,23.6,0,0%,2,10%,6,30%,9,45%,3,15%,0,0%
Madhya Pradesh,DHAR,41,2.25,35.27,0,0%,4,10%,16,39%,16,39%,5,12%,0,0%
Madhya Pradesh,DINDORI,16,3.29,10.1,0,0%,7,44%,8,50%,1,6%,0,0%,0,0%
Madhya Pradesh,EAST NIMAR,30,3.18,15.5,0,0%,3,10%,21,70%,6,20%,0,0%,0,0%
Madhya Pradesh,GUNA,23,2.8,29,0,0%,3,13%,6,26%,13,57%,1,4%,0,0%
Madhya Pradesh,GWALIOR,19,1.68,49.62,1,5%,3,16%,6,32%,7,37%,1,5%,1,5%
Madhya Pradesh,HARDA,13,0.5,25.4,1,8%,1,8%,5,38%,5,38%,1,8%,0,0%
Madhya Pradesh,HOSHANGABAD,16,2.29,18.3,0,0%,2,13%,8,50%,6,38%,0,0%,0,0%
Madhya Pradesh,INDORE,36,2.3,32.23,0,0%,4,11%,8,22%,19,53%,5,14%,0,0%
Madhya Pradesh,JABALPUR,34,1.55,18.5,2,6%,14,41%,15,44%,3,9%,0,0%,0,0%
Madhya Pradesh,JHABUA,12,2.7,11.1,0,0%,6,50%,5,42%,1,8%,0,0%,0,0%
Madhya Pradesh,KATNI,19,4.95,18.65,0,0%,1,5%,9,47%,9,47%,0,0%,0,0%
Madhya Pradesh,MANDLA,34,2.6,12.03,0,0%,12,35%,21,62%,1,3%,0,0%,0,0%
Madhya Pradesh,MANDSAUR,36,2.85,49.4,0,0%,3,8%,14,39%,14,39%,4,11%,1,3%
Madhya Pradesh,MORENA,10,3.56,21,0,0%,1,10%,5,50%,3,30%,1,10%,0,0%
Madhya Pradesh,NARSIMHAPUR,18,0.72,20.93,1,6%,2,11%,10,56%,3,17%,2,11%,0,0%
Madhya Pradesh,NEEMUCH,34,3.5,37,0,0%,4,12%,14,41%,12,35%,4,12%,0,0%
Madhya Pradesh,PANNA,27,2.7,27,0,0%,4,15%,14,52%,7,26%,2,7%,0,0%
Madhya Pradesh,RAISEN,29,3.8,36.14,0,0%,2,7%,15,52%,10,34%,2,7%,0,0%
Madhya Pradesh,RAJGARH,25,4.62,30.14,0,0%,1,4%,10,40%,13,52%,1,4%,0,0%
Madhya Pradesh,RATLAM,39,5.4,49.4,0,0%,0,0%,7,18%,23,59%,8,21%,1,3%
Madhya Pradesh,REWA,34,3.85,18.1,0,0%,4,12%,16,47%,14,41%,0,0%,0,0%
Madhya Pradesh,SAGAR,38,-0.95,21.34,1,3%,4,11%,14,37%,17,45%,2,5%,0,0%
Madhya Pradesh,SATNA,52,3.6,33.2,0,0%,4,8%,29,56%,18,35%,1,2%,0.1,0%.1
Madhya Pradesh,SEHORE,21,5.85,23.76,0,0%,0,0%,7,33%,13,62%,1,5%,0,0%
Madhya Pradesh,SEONI,42,-0.8,15.25,1,2%,10,24%,21,50%,10,24%,0,0%,0,0%
Madhya Pradesh,SHAHDOL,29,3.67,15.33,0,0%,4,14%,19,66%,6,21%,0,0%,0,0%
Madhya Pradesh,SHAJAPUR,16,6.02,18.18,0,0%,0,0%,7,44%,9,56%,0,0%,0,0%
Madhya Pradesh,SHEOPUR,20,0.65,29.4,1,5%,3,15%,8,40%,6,30%,2,10%,0,0%
Madhya Pradesh,SHIVPURI,29,3.82,17.47,0,0%,3,10%,16,55%,10,34%,0,0%,0,0%
Madhya Pradesh,SIDHI,33,4.45,18.55,0,0%,1,3%,14,42%,18,55%,0,0%,0,0%
Madhya Pradesh,SINGRAULI,23,4.2,18,0,0%,2,9%,13,57%,8,35%,0,0%,0,0%
Madhya Pradesh,TIKAMGARH,24,5,18.6,0,0%,1,4%,16,67%,7,29%,0,0%,0,0%
Madhya Pradesh,UJJAIN,39,4.27,25.26,0,0%,1,3%,18,46%,18,46%,2,5%,0,0%
Madhya Pradesh,UMARIA,17,3.52,12.72,0,0%,1,6%,13,76%,3,18%,0,0%,0,0%
Madhya Pradesh,VIDISHA,31,2.45,21.8,0,0%,1,3%,17,55%,12,39%,1,3%,0,0%
Madhya Pradesh,WEST NIMAR,24,3.2,17.6,0,0%,6,25%,12,50%,6,25%,0,0%,0,0%
Maharashtra,Ahmednagar,64,3.67,32,0,0%,1,2%,22,34%,35,55%,6,9%,0,0%
Maharashtra,Akola,30,4.47,32.9,0,0%,1,3%,9,30%,12,40%,8,27%,0,0%
Maharashtra,Amravati,93,1.8,44.1,1,1%,6,6%,42,45%,29,31%,14,15%,1,1%
Maharashtra,Aurangabad,40,4.47,23.92,0,0%,1,3%,11,28%,26,65%,2,5%,0,0%
Maharashtra,Beed,47,6.15,24.32,0,0%,0,0%,13,28%,30,64%,4,9%,0,0%
Maharashtra,Bhandara,40,2.95,19.25,0,0%,5,13%,16,40%,19,48%,0,0%,0,0%
Maharashtra,Buldana,58,3.3,23.4,0,0%,2,3%,21,36%,28,48%,7,12%,0,0%
Maharashtra,Chandrapur,64,4,21.62,0,0%,2,3%,41,64%,19,30%,2,3%,0,0%
Maharashtra,Dhule,39,4.8,22,0,0%,1,3%,17,44%,20,51%,1,3%,0,0%
Maharashtra,Gadchiroli,31,5.4,13.89,0,0%,0,0%,25,81%,6,19%,0,0%,0,0%
Maharashtra,Gondia,27,4.35,16.85,0,0%,3,11%,15,56%,9,33%,0,0%,0,0%
Maharashtra,Hingoli,31,3.95,20.84,0,0%,1,3%,7,23%,21,68%,2,6%,0,0%
Maharashtra,Jalgaon,54,4,51,0,0%,4,7%,19,35%,19,35%,6,11%,6,11%
Maharashtra,Jalna,47,4.1,25.82,0,0%,2,4%,14,30%,28,60%,3,6%,0,0%
Maharashtra,Kolhapur,40,0.4,18,9,23%,5,13%,20,50%,6,15%,0,0%,0,0%
Maharashtra,Latur,41,2.9,21.5,0,0%,2,5%,14,34%,22,54%,3,7%,0,0%
Maharashtra,MUMBAI CITY,6,2.8,7.4,0,0%,3,50%,3,50%,0,0%,0,0%,0,0%
Maharashtra,MUMBAI SUBURBAN,15,1.8,13.3,1,7%,7,47%,6,40%,1,7%,0,0%,0,0%
Maharashtra,Nagpur,88,1.1,30,2,2%,9,10%,42,48%,34,39%,1,1%,0,0%
Maharashtra,Nanded,59,1.55,31.7,3,5%,5,8%,30,51%,18,31%,3,5%,0,0%
Maharashtra,Nandurbar,28,3.7,27.99,0,0%,2,7%,9,32%,14,50%,3,11%,0,0%
Maharashtra,Nashik,81,1.4,40.5,2,2%,10,12%,32,40%,26,32%,10,12%,1,1%
Maharashtra,Osmanabad,40,5.6,19.99,0,0%,0,0%,15,38%,25,63%,0,0%,0,0%
Maharashtra,Parbhani,38,6.7,35,0,0%,0,0%,13,34%,21,55%,4,11%,0,0%
Maharashtra,Pune,42,0.01,21,3,7%,7,17%,22,52%,9,21%,1,2%,0,0%
Maharashtra,Raigad,35,0.01,8.9,7,20%,14,40%,14,40%,0,0%,0,0%,0,0%
Maharashtra,Ratnagiri,61,1.2,20.3,4,7%,16,26%,27,44%,13,21%,1,2%,0,0%
Maharashtra,Sangli,40,1,19,3,8%,8,20%,18,45%,11,28%,0,0%,0,0%
Maharashtra,Satara,48,0.8,21.5,2,4%,12,25%,16,33%,17,35%,1,2%,0,0%
Maharashtra,Sindudurg,52,2.6,18,0,0%,13,25%,28,54%,11,21%,0,0%,0,0%
Maharashtra,Solapur,57,2.1,23.99,0,0%,5,9%,20,35%,30,53%,2,4%,0,0%
Maharashtra,Thane,58,1.4,19,3,5%,14,24%,39,67%,2,3%,0,0%,0,0%
Maharashtra,Wardha,56,3.03,25.68,0,0%,5,9%,33,59%,16,29%,2,4%,0,0%
Maharashtra,Washim,41,5,24.5,0,0%,1,2%,20,49%,19,46%,1,2%,0,0%
Maharashtra,Yavatmal,89,3,21.15,0,0%,9,10%,58,65%,21,24%,1,1%,0,0%
Meghalaya,East Garo Hills,9,3.43,6.38,0,0%,8,89%,1,11%,0,0%,0,0%,0,0%
Meghalaya,East Jaintia Hills,1,43.95,43.95,0,0%,0,0%,0,0%,0,0%,0,0%,1,100%
Meghalaya,East Khasi Hills,10,0.94,9.09,4,40%,3,30%,3,30%,0,0%,0,0%,0,0%
Meghalaya,North Garo Hills,3,4.01,5.75,0,0%,2,67%,1,33%,0,0%,0,0%,0,0%
Meghalaya,Ri-Bhoi,14,0.56,31.91,1,7%,7,50%,4,29%,0,0%,2,14%,0,0%
Meghalaya,South West Garo Hills,4,3.34,6.45,0,0%,2,50%,2,50%,0,0%,0,0%,0,0%
Meghalaya,West Garo Hills,11,3.12,8.35,0,0%,7,64%,4,36%,0,0%,0,0%,0,0%
Meghalaya,West Jaintia Hills,3,0.51,12.96,2,67%,0,0%,0,0%,1,33%,0,0%,0,0%
Meghalaya,West Khasi Hills,1,0.8,0.8,1,100%,0,0%,0,0%,0,0%,0,0%,0,0%
Nagaland,Dimapur,5,1.15,11.62,1,20%,2,40%,2,40%,0,0%,0,0%,0,0%
Odisha,ANUGUL,57,0.11,13.1,1,2%,18,32%,35,61%,3,5%,0,0%,0,0%
Odisha,BALANGIR,61,0.93,8.81,4,7%,28,46%,29,48%,0,0%,0,0%,0,0%
Odisha,BALESHWAR,24,1.6,7.84,1,4%,15,63%,8,33%,0,0%,0,0%,0,0%
Odisha,BARGARH,50,-0.6,9.3,13,26%,19,38%,18,36%,0,0%,0,0%,0,0%
Odisha,BAUDH,47,2.05,7.45,0,0%,20,43%,27,57%,0,0%,0,0%,0,0%
Odisha,BHADRAK,15,1.9,6.33,1,7%,12,80%,2,13%,0,0%,0,0%,0,0%
Odisha,CUTTACK,60,-0.5,10.97,17,28%,32,53%,10,17%,1,2%,0,0%,0,0%
Odisha,DEBAGARH,7,3.78,7.93,0,0%,3,43%,4,57%,0,0%,0,0%,0,0%
Odisha,DHENKANAL,40,1.87,10.3,1,3%,15,38%,23,58%,1,3%,0,0%,0,0%
Odisha,JAGATSINGHAPUR,11,1.13,4.81,5,45%,6,55%,0,0%,0,0%,0,0%,0,0%
Odisha,JAJAPUR,26,0.97,9.07,3,12%,18,69%,5,19%,0,0%,0,0%,0,0%
Odisha,JHARSUGUDA,15,-0.5,8.5,1,7%,6,40%,8,53%,0,0%,0,0%,0,0%
Odisha,KALAHANDI,28,1.56,9.3,1,4%,14,50%,13,46%,0,0%,0,0%,0,0%
Odisha,KANDHAMAL,16,4.65,11.05,0,0%,1,6%,13,81%,2,13%,0,0%,0,0%
Odisha,KENDRAPARA,17,1.35,4.48,4,24%,13,76%,0,0%,0,0%,0,0%,0,0%
Odisha,KENDUJHAR,60,0.9,10.45,7,12%,29,48%,23,38%,1,2%,0,0%,0,0%
Odisha,KHORDHA,52,0.15,12.89,12,23%,17,33%,22,42%,1,2%,0,0%,0,0%
Odisha,KORAPUT,53,2.1,10.92,0,0%,15,28%,35,66%,3,6%,0,0%,0,0%
Odisha,MALKANGIRI,17,2.9,6.65,0,0%,10,59%,7,41%,0,0%,0,0%,0,0%
Odisha,MAYURBHANJ,72,0.7,13.55,11,15%,32,44%,27,38%,2,3%,0,0%,0,0%
Odisha,NABARANGAPUR,24,1.4,10.3,1,4%,9,38%,13,54%,1,4%,0,0%,0,0%
Odisha,NAYAGARH,33,1.25,8.73,2,6%,18,55%,13,39%,0,0%,0,0%,0,0%
Odisha,NUAPADA,17,3.17,9.61,0,0%,7,41%,10,59%,0,0%,0,0%,0,0%
Odisha,PURI,68,0.4,7.74,27,40%,36,53%,5,7%,0,0%,0,0%,0,0%
Odisha,RAYAGADA,19,1.15,10.82,1,5%,11,58%,5,26%,2,11%,0,0%,0,0%
Odisha,SAMBALPUR,67,-0.6,11.6,11,16%,18,27%,37,55%,1,1%,0,0%,0,0%
Odisha,SONAPUR,43,0.77,7.6,10,23%,14,33%,19,44%,0,0%,0,0%,0,0%
Odisha,SUNDARGARH,68,0.15,13.55,6,9%,31,46%,26,38%,5,7%,0,0%,0,0%
Pondicherry,Karaikal,2,2.51,3.7,0,0%,2,100%,0,0%,0,0%,0,0%,0,0%
Pondicherry,Pondicherry,4,3.1,6.9,0,0%,3,75%,1,25%,0,0%,0,0%,0,0%
Punjab,AMRITSAR,9,5.79,25.41,0,0%,0,0%,2,22%,5,56%,2,22%,0,0%
Punjab,BARNALA,3,30.28,39.62,0,0%,0,0%,0,0%,0,0%,3,100%,0,0%
Punjab,BATHINDA,24,2.48,30.23,0,0%,1,4%,6,25%,7,29%,10,42%,0,0%
Punjab,FARIDKOT,19,1.4,19.72,1,5%,6,32%,8,42%,4,21%,0,0%,0,0%
Punjab,FATEHGARH SAHIB,10,4.87,41.28,0,0%,1,10%,1,10%,2,20%,5,50%,1,10%
Punjab,FAZILKA,12,1.26,11,1,8%,8,67%,2,17%,1,8%,0,0%,0,0%
Punjab,FIROZPUR,5,5.05,18.12,0,0%,0,0%,2,40%,3,60%,0,0%,0,0%
Punjab,GURDASPUR,18,2.69,15.62,0,0%,8,44%,4,22%,6,33%,0,0%,0,0%
Punjab,HOSHIARPUR,22,1.75,27.78,1,5%,2,9%,8,36%,7,32%,4,18%,0,0%
Punjab,JALANDHAR,10,6.8,38.01,0,0%,0,0%,2,20%,3,30%,5,50%,0,0%
Punjab,KAPURTHALA,8,8.4,26.75,0,0%,0,0%,2,25%,3,38%,3,38%,0,0%
Punjab,LUDHIANA,16,3.79,34.56,0,0%,1,6%,1,6%,10,63%,4,25%,0,0%
Punjab,MANSA,10,4.82,18.7,0,0%,1,10%,3,30%,6,60%,0,0%,0,0%
Punjab,MOGA,5,17.05,34.38,0,0%,0,0%,0,0%,1,20%,4,80%,0,0%
Punjab,MUKTSAR,9,0.7,10.53,1,11%,7,78%,0,0%,1,11%,0,0%,0,0%
Punjab,PATHANKOT,11,1.84,9.37,1,9%,5,45%,5,45%,0,0%,0,0%,0,0%
Punjab,PATIALA,18,4.71,43.43,0,0%,1,6%,2,11%,1,6%,13,72%,1,6%
Punjab,RUPNAGAR,10,3.22,36.45,0,0%,3,30%,3,30%,3,30%,1,10%,0,0%
Punjab,SANGRUR,11,24.15,41.36,0,0%,0,0%,0,0%,0,0%,10,91%,1,9%
Punjab,SAS NAGAR,9,1.82,15.8,1,11%,1,11%,4,44%,3,33%,0,0%,0,0%
Punjab,SBS NAGAR,4,5.45,40.43,0,0%,0,0%,1,25%,2,50%,0,0%,1,25%
Punjab,TARAN TARAN,8,13.82,19.68,0,0%,0,0%,0,0%,8,100%,0,0%,0,0%
Rajasthan,AJMER,28,4,28.18,0,0%,5,18%,10,36%,11,39%,2,7%,0,0%
Rajasthan,ALWAR,27,12.3,91.8,0,0%,0,0%,0,0%,4,15%,12,44%,11,41%
Rajasthan,BANSWARA,33,1.5,16.48,1,3%,6,18%,20,61%,6,18%,0,0%,0,0%
Rajasthan,BARAN,19,2.64,28,0,0%,5,26%,9,47%,4,21%,1,5%,0,0%
Rajasthan,BARMER,50,4.1,99.82,0,0%,3,6%,4,8%,11,22%,16,32%,16,32%
Rajasthan,BHARATPUR,28,1.84,57.2,1,4%,4,14%,6,21%,11,39%,4,14%,2,7%
Rajasthan,BHILWARA,36,3.35,30.78,0,0%,4,11%,6,17%,19,53%,7,19%,0,0%
Rajasthan,BIKANER,48,5.1,128.15,0,0%,0,0%,4,8%,16,33%,13,27%,15,31%
Rajasthan,BUNDI,7,1.51,13.8,1,14%,2,29%,2,29%,2,29%,0,0%,0,0%
Rajasthan,CHITTAURGARH,16,0.75,30.5,1,6%,1,6%,4,25%,7,44%,3,19%,0,0%
Rajasthan,CHURU,32,9.92,66.15,0,0%,0,0%,1,3%,5,16%,14,44%,12,38%
Rajasthan,DAUSA,14,7.97,56.1,0,0%,0,0%,1,7%,6,43%,4,29%,3,21%
Rajasthan,DHAULPUR,13,3.3,37.4,0,0%,2,15%,3,23%,4,31%,4,31%,0,0%
Rajasthan,DUNGARPUR,18,2.44,20.6,0,0%,4,22%,6,33%,7,39%,1,6%,0,0%
Rajasthan,GANGANAGAR,39,1.43,39.62,1,3%,2,5%,13,33%,18,46%,5,13%,0,0%
Rajasthan,HANUMANGARH,38,0.52,48.45,2,5%,2,5%,5,13%,11,29%,15,39%,3,8%
Rajasthan,JAIPUR,87,3.68,86.3,0,0%,1,1%,8,9%,21,24%,19,22%,38,44%
Rajasthan,JAISALMER,63,4.99,107.26,0,0%,1,2%,10,16%,9,14%,24,38%,19,30%
Rajasthan,JALORE,22,1.62,71.85,1,5%,2,9%,3,14%,3,14%,5,23%,8,36%
Rajasthan,JHALAWAR,23,2.9,22.97,0,0%,3,13%,11,48%,8,35%,1,4%,0,0%
Rajasthan,JODHPUR,41,0.9,115.38,1,2%,2,5%,10,24%,10,24%,8,20%,10,24%
Rajasthan,KARAULI,17,2.2,32.64,0,0%,4,24%,3,18%,5,29%,5,29%,0,0%
Rajasthan,KOTA,15,1.25,22.76,2,13%,3,20%,5,33%,4,27%,1,7%,0,0%
Rajasthan,NAGAUR,21,16.18,108.4,0,0%,0,0%,0,0%,1,5%,10,48%,10,48%
Rajasthan,PALI,22,2.18,22.25,0,0%,3,14%,9,41%,8,36%,2,9%,0,0%
Rajasthan,PRATAPGARH,15,3.8,16.4,0,0%,4,27%,5,33%,6,40%,0,0%,0,0%
Rajasthan,RAJSAMAND,25,4.27,23.15,0,0%,1,4%,10,40%,12,48%,2,8%,0,0%
Rajasthan,SAWAI MADHOPUR,16,1.74,23.75,1,6%,0,0%,6,38%,8,50%,1,6%,0,0%
Rajasthan,SIKAR,37,6.1,80.89,0,0%,0,0%,1,3%,2,5%,7,19%,27,73%
Rajasthan,SIROHI,14,5.83,43.8,0,0%,0,0%,1,7%,8,57%,4,29%,1,7%
Rajasthan,TONK,18,2.7,35.2,0,0%,2,11%,8,44%,5,28%,3,17%,0,0%
Rajasthan,UDAIPUR,40,1.83,26.05,1,3%,9,23%,17,43%,11,28%,2,5%,0,0%
Tamil Nadu,Ariyalur,3,4.15,10.94,0,0%,1,33%,0,0%,2,67%,0,0%,0,0%
Tamil Nadu,Chennai,11,3.47,9,0,0%,4,36%,7,64%,0,0%,0,0%,0,0%
Tamil Nadu,Coimbatore,32,0.95,47.42,2,6%,3,9%,9,28%,11,34%,5,16%,2,6%
Tamil Nadu,Cuddalore,22,2.51,103.4,0,0%,3,14%,9,41%,3,14%,2,9%,5,23%
Tamil Nadu,Dharmapuri,11,3.37,21.5,0,0%,1,9%,2,18%,7,64%,1,9%,0,0%
Tamil Nadu,Dindigul,30,0.84,39.4,1,3%,5,17%,8,27%,11,37%,5,17%,0,0%
Tamil Nadu,Erode,54,1.54,21.38,1,2%,9,17%,28,52%,13,24%,3,6%,0,0%
Tamil Nadu,Kancheepuram,23,3.8,11.75,0,0%,6,26%,12,52%,5,22%,0,0%,0,0%
Tamil Nadu,Kanyakumari,19,1.7,15.29,1,5%,4,21%,6,32%,8,42%,0,0%,0,0%
Tamil Nadu,Karur,9,1.62,54.4,1,11%,1,11%,3,33%,3,33%,0,0%,1,11%
Tamil Nadu,Krishnagiri,16,3.73,42.22,0,0%,2,13%,4,25%,7,44%,2,13%,1,6%
Tamil Nadu,Madurai,10,5.6,18.75,0,0%,0,0%,7,70%,3,30%,0,0%,0,0%
Tamil Nadu,Nagapattinam,7,2.26,4.66,0,0%,7,100%,0,0%,0,0%,0,0%,0,0%
Tamil Nadu,Namakkal,22,2.42,32.57,0,0%,3,14%,7,32%,10,45%,2,9%,0,0%
Tamil Nadu,Nilgiris,9,0.6,19.4,3,33%,2,22%,3,33%,1,11%,0,0%,0,0%
Tamil Nadu,Perambalur,10,7.55,17.9,0,0%,0,0%,7,70%,3,30%,0,0%,0,0%
Tamil Nadu,Pudukkottai,29,1.95,17.41,2,7%,5,17%,15,52%,7,24%,0,0%,0,0%
Tamil Nadu,Ramanathapuram,25,1.71,37.1,2,8%,9,36%,11,44%,1,4%,2,8%,0,0%
Tamil Nadu,Salem,22,3.68,34.52,0,0%,2,9%,6,27%,10,45%,4,18%,0,0%
Tamil Nadu,Sivaganga,19,1.88,16.02,1,5%,1,5%,7,37%,10,53%,0,0%,0,0%
Tamil Nadu,Thanjavur,14,3.4,10.97,0,0%,4,29%,8,57%,2,14%,0,0%,0,0%
Tamil Nadu,Theni,10,5.3,28.85,0,0%,0,0%,4,40%,5,50%,1,10%,0,0%
Tamil Nadu,Thiruvannamalai,17,4.63,17.6,0,0%,1,6%,11,65%,5,29%,0,0%,0,0%
Tamil Nadu,Tiruchirappalli,25,1.34,27.22,1,4%,5,20%,10,40%,7,28%,2,8%,0,0%
Tamil Nadu,Tirunelveli,41,1.07,22.37,5,12%,10,24%,15,37%,10,24%,1,2%,0,0%
Tamil Nadu,Tiruppur,18,1.18,17.86,2,11%,7,39%,4,22%,5,28%,0,0%,0,0%
Tamil Nadu,Tiruvallur,19,1.49,11.25,1,5%,5,26%,10,53%,3,16%,0,0%,0,0%
Tamil Nadu,Tiruvarur,8,3.2,7.66,0,0%,4,50%,4,50%,0,0%,0,0%,0,0%
Tamil Nadu,Tuticorin,25,1.8,11.1,1,4%,7,28%,15,60%,2,8%,0,0%,0,0%
Tamil Nadu,Vellore,29,1.51,29.41,2,7%,4,14%,10,34%,11,38%,2,7%,0,0%
Tamil Nadu,Villupuram,28,3.08,16.85,0,0%,2,7%,18,64%,8,29%,0,0%,0,0%
Tamil Nadu,Virudhunagar,13,3.25,17.25,0,0%,2,15%,7,54%,4,31%,0,0%,0,0%
Telangana,ADILABAD,54,1.4,22.5,1,2%,9,17%,31,57%,11,20%,2,4%,0,0%
Telangana,HYDERABAD,10,3.19,69.6,0,0%,4,40%,2,20%,3,30%,0,0%,1,10%
Telangana,KARIMNAGAR,61,2.2,21.2,0,0%,6,10%,28,46%,26,43%,1,2%,0,0%
Telangana,KHAMMAM,51,0.85,16.45,3,6%,11,22%,24,47%,13,25%,0,0%,0,0%
Telangana,MAHBUBNAGAR,69,1.8,41.83,1,1%,7,10%,16,23%,27,39%,16,23%,2,3%
Telangana,MEDAK,49,2.7,69.5,0,0%,2,4%,11,22%,11,22%,19,39%,6,12%
Telangana,NALGONDA,80,2.03,32.2,0,0%,23,29%,30,38%,23,29%,4,5%,0,0%
Telangana,NIZAMABAD,36,2.85,27.75,0,0%,4,11%,11,31%,15,42%,6,17%,0,0%
Telangana,RANGA REDDY,69,2.08,99.5,0,0%,5,7%,15,22%,34,49%,11,16%,4,6%
Telangana,WARANGAL,81,1.15,37.05,2,2%,12,15%,34,42%,26,32%,7,9%,0,0%
Tripura,Dhalai,14,1.29,7.33,4,29%,8,57%,2,14%,0,0%,0,0%,0,0%
Tripura,Gomti,8,1.54,9.76,2,25%,5,63%,1,13%,0,0%,0,0%,0,0%
Tripura,Khowai,8,1.88,15.22,1,13%,6,75%,0,0%,1,13%,0,0%,0,0%
Tripura,North Tripura,20,0.9,6.68,6,30%,10,50%,4,20%,0,0%,0,0%,0,0%
Tripura,Sipahi-Jala,8,1.78,4.68,1,13%,7,88%,0,0%,0,0%,0,0%,0,0%
Tripura,South Tripura,19,0.45,15.15,4,21%,10,53%,3,16%,2,11%,0,0%,0,0%
Tripura,Unakoti,10,1.63,6.55,2,20%,3,30%,5,50%,0,0%,0,0%,0,0%
Tripura,West Tripura,11,2.7,27.25,0,0%,3,27%,3,27%,2,18%,3,27%,0,0%
Uttar Pradesh,AGRA,8,1.6,44.2,2,25%,1,13%,0,0%,2,25%,2,25%,1,13%
Uttar Pradesh,ALIGARH,9,0.29,20.22,1,11%,2,22%,4,44%,1,11%,1,11%,0,0%
Uttar Pradesh,ALLAHABAD,19,1.32,20.36,1,5%,3,16%,12,63%,2,11%,1,5%,0,0%
Uttar Pradesh,AMBEDKAR NAGAR,4,5.9,8.45,0,0%,0,0%,4,100%,0,0%,0,0%,0,0%
Uttar Pradesh,AURAIYA,9,4.02,22.02,0,0%,1,11%,7,78%,0,0%,1,11%,0,0%
Uttar Pradesh,AZAMGARH,15,4,10.44,0,0%,2,13%,12,80%,1,7%,0,0%,0,0%
Uttar Pradesh,BAGHPAT,1,19.55,19.55,0,0%,0,0%,0,0%,1,100%,0,0%,0,0%
Uttar Pradesh,BAHRAICH,10,2.14,9.09,0,0%,8,80%,2,20%,0,0%,0,0%,0,0%
Uttar Pradesh,BALLIA,13,4.43,10.29,0,0%,4,31%,8,62%,1,8%,0,0%,0,0%
Uttar Pradesh,BALRAMPUR,15,1.45,10,1,7%,11,73%,3,20%,0,0%,0,0%,0,0%
Uttar Pradesh,BANDA,10,2.53,12.88,0,0%,2,20%,7,70%,1,10%,0,0%,0,0%
Uttar Pradesh,BARABANKI,19,3.46,11.39,0,0%,3,16%,14,74%,2,11%,0,0%,0,0%
Uttar Pradesh,BAREILLY,13,2.18,6.6,0,0%,6,46%,7,54%,0,0%,0,0%,0,0%
Uttar Pradesh,BASTI,5,4.3,6.6,0,0%,2,40%,3,60%,0,0%,0,0%,0,0%
Uttar Pradesh,BIJNOR,6,3.05,20.77,0,0%,3,50%,0,0%,2,33%,1,17%,0,0%
Uttar Pradesh,BUDAUN,5,6.45,18.04,0,0%,0,0%,1,20%,4,80%,0,0%,0,0%
Uttar Pradesh,BULANDSHAHR,6,8.12,12.4,0,0%,0,0%,2,33%,4,67%,0,0%,0,0%
Uttar Pradesh,CHANDAULI,8,2.58,14.99,0,0%,3,38%,3,38%,2,25%,0,0%,0,0%
Uttar Pradesh,CHITRAKOOT,6,9.77,14.27,0,0%,0,0%,1,17%,5,83%,0,0%,0,0%
Uttar Pradesh,DEORIA,6,2.74,7.88,0,0%,3,50%,3,50%,0,0%,0,0%,0,0%
Uttar Pradesh,ETAH,10,2.55,13.91,0,0%,2,20%,4,40%,4,40%,0,0%,0,0%
Uttar Pradesh,ETAWAH,4,6.43,37.6,0,0%,0,0%,2,50%,1,25%,1,25%,0,0%
Uttar Pradesh,FAIZABAD,5,4.27,8.76,0,0%,2,40%,3,60%,0,0%,0,0%,0,0%
Uttar Pradesh,FARRUKHABAD,2,1.9,14.65,1,50%,0,0%,0,0%,1,50%,0,0%,0,0%
Uttar Pradesh,FATEHPUR,11,4.24,30.46,0,0%,3,27%,3,27%,4,36%,1,9%,0,0%
Uttar Pradesh,FIROZABAD,4,8.7,25.25,0,0%,0,0%,1,25%,2,50%,1,25%,0,0%
Uttar Pradesh,GAUTAM BUDDHA N,GAR 5,6.51,35.69,0,0%,0,0%,1,20%,2,40%,2,40%,0,0%
Uttar Pradesh,GHAZIABAD,7,4.22,21.27,0,0%,1,14%,2,29%,3,43%,1,14%,0,0%
Uttar Pradesh,GHAZIPUR,11,4.87,13.68,0,0%,1,9%,7,64%,3,27%,0,0%,0,0%
Uttar Pradesh,GONDA,3,3.6,6.41,0,0%,2,67%,1,33%,0,0%,0,0%,0,0%
Uttar Pradesh,GORAKHPUR,2,3.42,8.36,0,0%,1,50%,1,50%,0,0%,0,0%,0,0%
Uttar Pradesh,HAMIRPUR,7,5.66,23.69,0,0%,0,0%,5,71%,1,14%,1,14%,0,0%
Uttar Pradesh,HARDOI,12,3.65,7.56,0,0%,7,58%,5,42%,0,0%,0,0%,0,0%
Uttar Pradesh,HATHRAS,5,3.75,19.7,0,0%,2,40%,1,20%,2,40%,0,0%,0,0%
Uttar Pradesh,JALAUN,17,0.66,25.24,1,6%,5,29%,7,41%,2,12%,2,12%,0,0%
Uttar Pradesh,JAUNPUR,17,3.27,12.65,0,0%,3,18%,12,71%,2,12%,0,0%,0,0%
Uttar Pradesh,JHANSI,14,3.28,9.6,0,0%,2,14%,12,86%,0.1,0%.1,0.2,0%.2,0.3,0%.3
Uttar Pradesh,JYOTIBA PHULE NA,AR7,8.9,17.4,0,0%,0,0%,1,14%,6,86%,0,0%,0,0%
Uttar Pradesh,KANNAUJ,5,0.69,25.2,1,20%,1,20%,1,20%,1,20%,1,20%,0,0%
Uttar Pradesh,KANPUR DEHAT,3,5.92,19.35,0,0%,0,0%,2,67%,1,33%,0,0%,0,0%
Uttar Pradesh,KANPUR NAGAR,9,3.53,14.08,0,0%,3,33%,4,44%,2,22%,0,0%,0,0%
Uttar Pradesh,KAUSHAMBI,3,9.24,14.92,0,0%,0,0%,1,33%,2,67%,0,0%,0,0%
Uttar Pradesh,KHERI,4,3.54,9.6,0,0%,3,75%,1,25%,0,0%,0,0%,0,0%
Uttar Pradesh,KUSHINAGAR,4,2.32,3.78,0,0%,4,100%,0,0%,0,0%,0,0%,0,0%
Uttar Pradesh,LALITPUR,8,2.4,9.45,0,0%,6,75%,2,25%,0,0%,0,0%,0,0%
Uttar Pradesh,LUCKNOW,23,3.5,40.53,0,0%,2,9%,7,30%,8,35%,5,22%,1,4%
Uttar Pradesh,MAHOBA,7,4.64,14.25,0,0%,1,14%,4,57%,2,29%,0,0%,0,0%
Uttar Pradesh,MAHRAJGANJ,4,3.85,5.45,0,0%,3,75%,1,25%,0,0%,0,0%,0,0%
Uttar Pradesh,MAINPURI,3,4.9,6.8,0,0%,1,33%,2,67%,0,0%,0,0%,0,0%
Uttar Pradesh,MATHURA,11,2.29,9.81,0,0%,8,73%,3,27%,0,0%,0,0%,0,0%
Uttar Pradesh,MAU,4,4.7,6.76,0,0%,1,25%,3,75%,0,0%,0,0%,0,0%
Uttar Pradesh,MEERUT,9,7.44,20.28,0,0%,0,0%,5,56%,3,33%,1,11%,0,0%
Uttar Pradesh,MIRZAPUR,10,3.18,16.37,0,0%,3,30%,6,60%,1,10%,0,0%,0,0%
Uttar Pradesh,MORADABAD,8,2.3,16.51,0,0%,3,38%,0,0%,5,63%,0,0%,0,0%
Uttar Pradesh,MUZAFFARNAGAR,5,6.67,21.22,0,0%,0,0%,1,20%,3,60%,1,20%,0,0%
Uttar Pradesh,PILIBHIT,8,3.62,5.76,0,0%,7,88%,1,13%,0,0%,0,0%,0,0%
Uttar Pradesh,PRATAPGARH,16,1.82,12.03,1,6%,0,0%,12,75%,3,19%,0,0%,0,0%
Uttar Pradesh,RAE BARELI,19,2.72,9.28,0,0%,10,53%,9,47%,0,0%,0,0%,0,0%
Uttar Pradesh,RAMPUR,3,4.68,10.1,0,0%,1,33%,1,33%,1,33%,0,0%,0,0%
Uttar Pradesh,SAHARANPUR,8,3.45,16.91,0,0%,1,13%,6,75%,1,13%,0,0%,0,0%
Uttar Pradesh,SANT KABIR NAGAR,3,4.42,5.92,0,0%,1,33%,2,67%,0,0%,0,0%,0,0%
Uttar Pradesh,SANT RAVIDAS NAG,R3,6.88,13.97,0,0%,0,0%,1,33%,2,67%,0,0%,0,0%
Uttar Pradesh,SHAHJAHANPUR,1,6.8,6.8,0,0%,0,0%,1,100%,0,0%,0,0%,0,0%
Uttar Pradesh,SHRAWASTI,10,3.25,8.57,0,0%,8,80%,2,20%,0,0%,0,0%,0,0%
Uttar Pradesh,SIDDHARTHNAGAR,9,3.45,7.43,0,0%,6,67%,3,33%,0,0%,0,0%,0,0%
Uttar Pradesh,SITAPUR,10,3.13,13.74,0,0%,4,40%,4,40%,2,20%,0,0%,0,0%
Uttar Pradesh,SONBHADRA,12,5.82,15.82,0,0%,0,0%,7,58%,5,42%,0,0%,0,0%
Uttar Pradesh,SULTANPUR,18,3.68,14.25,0,0%,5,28%,9,50%,4,22%,0,0%,0,0%
Uttar Pradesh,UNNAO,15,2.2,15.9,0,0%,7,47%,6,40%,2,13%,0,0%,0,0%
Uttar Pradesh,VARANASI,8,5.23,18.37,0,0%,0,0%,4,50%,4,50%,0,0%,0,0%
Uttaranchal,Almora,1,10.21,10.21,0,0%,0,0%,0,0%,1,100%,0,0%,0,0%
Uttaranchal,Champawat,3,9.73,45.04,0,0%,0,0%,1,33%,1,33%,0,0%,1,33%
Uttaranchal,Dehradun,47,5.1,89.75,0,0%,0,0%,9,19%,20,43%,10,21%,8,17%
Uttaranchal,Haridwar,39,3.19,67.7,0,0%,9,23%,13,33%,13,33%,3,8%,1,3%
Uttaranchal,Nainital,11,3.34,73.58,0,0%,1,9%,2,18%,3,27%,2,18%,3,27%
Uttaranchal,Pauri Garhwal,3,25.85,91.1,0,0%,0,0%,0,0%,0,0%,1,33%,2,67%
Uttaranchal,Udham Singh Nagar,45,1.94,18.21,2,4%,20,44%,15,33%,8,18%,0,0%,0,0%
Uttaranchal,Uttarkashi,7,10.75,45.5,0,0%,0,0%,0,0%,4,57%,2,29%,1,14%
West Bengal,BANKURA,86,0.85,17.93,5,6%,34,40%,40,47%,7,8%,0,0%,0,0%
West Bengal,BARDDHAMAN,78,0.55,36.82,12,15%,21,27%,22,28%,16,21%,7,9%,0,0%
West Bengal,BIRBHUM,78,1.39,32.29,3,4%,22,28%,30,38%,17,22%,6,8%,0,0%
West Bengal,DARJILING,19,1.27,11.76,1,5%,13,68%,4,21%,1,5%,0,0%,0,0%
West Bengal,EAST MEDINIPUR,12,1.35,19.8,1,8%,2,17%,1,8%,8,67%,0,0%,0,0%
West Bengal,HAORA,20,0.32,17.67,7,35%,7,35%,1,5%,5,25%,0,0%,0,0%
West Bengal,HUGLI,42,0.41,19.23,4,10%,7,17%,5,12%,26,62%,0,0%,0,0%
West Bengal,JALPAIGURI,29,0.55,11.53,7,24%,18,62%,3,10%,1,3%,0,0%,0,0%
West Bengal,KOCHBIHAR,24,0.73,3.81,11,46%,13,54%,0,0%,0,0%,0,0%,0,0%
West Bengal,MALDAH,27,2.54,14.2,0,0%,9,33%,17,63%,1,4%,0,0%,0,0%
West Bengal,MURSHIDABAD,38,2.36,25.44,0,0%,7,18%,16,42%,6,16%,9,24%,0,0%
West Bengal,NADIA,53,0.93,12.85,1,2%,15,28%,36,68%,1,2%,0,0%,0,0%
West Bengal,NORTH 24 PARGANA,36,0.62,12.98,4,11%,9,25%,20,56%,3,8%,0,0%,0,0%
West Bengal,NORTH DINAJPUR,14,2.22,6.34,0,0%,11,79%,3,21%,0,0%,0,0%,0,0%
West Bengal,PURULIYA,58,2.57,12.03,0,0%,11,19%,45,78%,2,3%,0,0%,0,0%
West Bengal,SOUTH  DINAJPUR,11,2.81,18.14,0,0%,1,9%,5,45%,5,45%,0,0%,0,0%
West Bengal,SOUTH 24 PARGANA,21,0.8,14.39,3,14%,3,14%,7,33%,8,38%,0,0%,0,0%
West Bengal,WEST MEDINIPUR,36,0.7,16.9,5,14%,8,22%,10,28%,13,36%,0,0%,0,0%
